Address,Crawl Depth,Content,Status Code,Status,Title 1,Title 1 Length,Title 1 Pixel Width,Meta Description 1,Meta Description 1 Length,Meta Description 1 Pixel Width,Meta Description 2,Meta Description 2 Length,Meta Description 2 Pixel Width,Meta Keyword 1,Meta Keywords 1 Length,H1-1,H1-1 length,H1-2,H1-2 length,H2-1,H2-1 length,H2-2,H2-2 length,Meta Refresh 1,Canonical Link Element 1,Size,Word Count,Text Ratio,Inlinks,Unique Inlinks,% of Total,Outlinks,Unique Outlinks,Response Time,Last Modified,Redirect URI,Redirect Type,URL Encoded Address
HOME,,,,,,,,,,,,,,,,,,,,,,,,,,,,,,,,,,,,,,
https://www.jhsph.edu/departments/health-behavior-and-society/,0,text/html;charset=UTF-8,200,OK,"Health, Behavior and Society - Departments - Johns Hopkins Bloomberg School of Public Health",92,768,,0,0,,0,0,"bloomberg school of public health, school of public health, johns hopkins, departments, academics, research, centers, admissions, preparedness, infectious diseases,Johns Hopkins University,Johns Hopkins Bloomberg School of Public Health,academic departments,Biochemistry and Molecular Biology,Health Policy and Management,Biostatistics,International Health,Environmental Health Sciences,Mental Health,Epidemiology,Molecular Microbiology and Immunology,Health, Behavior & Society,Population,Family and Reproductive Health,Population and family health sciences",558,"Health, Behavior and Society",28,,0,,0,,0,,https://www.jhsph.edu/departments/health-behavior-and-society/index.html,53685,1038,13.461646,700,370,99.73,153,112,1.219,,,,https://www.jhsph.edu/departments/health-behavior-and-society/
,,,,,,,,,,,,,,,,,,,,,,,,,,,,,,,,,,,,,,
ABOUT,,,,,,,,,,,,,,,,,,,,,,,,,,,,,,,,,,,,,,
https://www.jhsph.edu/departments/health-behavior-and-society/about/,1,text/html;charset=UTF-8,200,OK,"About - Health, Behavior and Society - Departments - Johns Hopkins Bloomberg School of Public Health",100,831,,0,0,,0,0,"bloomberg school of public health, school of public health, johns hopkins, departments, academics, research, centers, admissions, preparedness, infectious diseases,Johns Hopkins University,Johns Hopkins Bloomberg School of Public Health,academic departments,Biochemistry and Molecular Biology,Health Policy and Management,Biostatistics,International Health,Environmental Health Sciences,Mental Health,Epidemiology,Molecular Microbiology and Immunology,Health, Behavior & Society,Population,Family and Reproductive Health,Population and family health sciences",558,About,5,,0,,0,,0,,https://www.jhsph.edu/departments/health-behavior-and-society/about/index.html,32859,583,12.719579,76,71,19.14,132,108,0.804,,,,https://www.jhsph.edu/departments/health-behavior-and-society/about/
https://www.jhsph.edu/departments/health-behavior-and-society/about/history.html,2,text/html;charset=UTF-8,200,OK,"History - About - Health, Behavior and Society - Departments - Johns Hopkins Bloomberg School of Public Health",110,903,,0,0,,0,0,"bloomberg school of public health, school of public health, johns hopkins, departments, academics, research, centers, admissions, preparedness, infectious diseases,Johns Hopkins University,Johns Hopkins Bloomberg School of Public Health,academic departments,Biochemistry and Molecular Biology,Health Policy and Management,Biostatistics,International Health,Environmental Health Sciences,Mental Health,Epidemiology,Molecular Microbiology and Immunology,Health, Behavior & Society,Population,Family and Reproductive Health,Population and family health sciences",558,History,7,,0,,0,,0,,https://www.jhsph.edu/departments/health-behavior-and-society/about/history.html,33396,862,17.596142,6,4,1.08,133,108,0.632,,,,https://www.jhsph.edu/departments/health-behavior-and-society/about/history.html
https://www.jhsph.edu/departments/health-behavior-and-society/about/index.html,2,text/html;charset=UTF-8,200,OK,"About - Health, Behavior and Society - Departments - Johns Hopkins Bloomberg School of Public Health",100,831,,0,0,,0,0,"bloomberg school of public health, school of public health, johns hopkins, departments, academics, research, centers, admissions, preparedness, infectious diseases,Johns Hopkins University,Johns Hopkins Bloomberg School of Public Health,academic departments,Biochemistry and Molecular Biology,Health Policy and Management,Biostatistics,International Health,Environmental Health Sciences,Mental Health,Epidemiology,Molecular Microbiology and Immunology,Health, Behavior & Society,Population,Family and Reproductive Health,Population and family health sciences",558,About,5,,0,,0,,0,,https://www.jhsph.edu/departments/health-behavior-and-society/about/index.html,32879,583,12.711838,1,1,0.27,132,109,0.609,,,,https://www.jhsph.edu/departments/health-behavior-and-society/about/index.html
https://www.jhsph.edu/departments/health-behavior-and-society/about/mission.html,2,text/html;charset=UTF-8,200,OK,"Mission - About - Health, Behavior and Society - Departments - Johns Hopkins Bloomberg School of Public Health",110,908,,0,0,,0,0,"bloomberg school of public health, school of public health, johns hopkins, departments, academics, research, centers, admissions, preparedness, infectious diseases,Johns Hopkins University,Johns Hopkins Bloomberg School of Public Health,academic departments,Biochemistry and Molecular Biology,Health Policy and Management,Biostatistics,International Health,Environmental Health Sciences,Mental Health,Epidemiology,Molecular Microbiology and Immunology,Health, Behavior & Society,Population,Family and Reproductive Health,Population and family health sciences",558,Mission,7,,0,,0,,0,,https://www.jhsph.edu/departments/health-behavior-and-society/about/mission.html,30919,495,11.445024,7,5,1.35,133,108,0.737,,,,https://www.jhsph.edu/departments/health-behavior-and-society/about/mission.html
,,,,,,,,,,,,,,,,,,,,,,,,,,,,,,,,,,,,,,
DEGREE PROGRAMS,,,,,,,,,,,,,,,,,,,,,,,,,,,,,,,,,,,,,,
https://www.jhsph.edu/departments/health-behavior-and-society/degree-programs/,1,text/html;charset=UTF-8,200,OK,"Degree Programs - Health, Behavior and Society - Departments - Johns Hopkins Bloomberg School of Public Health",110,926,,0,0,,0,0,"bloomberg school of public health, school of public health, johns hopkins, departments, academics, research, centers, admissions, preparedness, infectious diseases,Johns Hopkins University,Johns Hopkins Bloomberg School of Public Health,academic departments,Biochemistry and Molecular Biology,Health Policy and Management,Biostatistics,International Health,Environmental Health Sciences,Mental Health,Epidemiology,Molecular Microbiology and Immunology,Health, Behavior & Society,Population,Family and Reproductive Health,Population and family health sciences",558,Degree Programs,15,,0,,0,,0,,https://www.jhsph.edu/departments/health-behavior-and-society/degree-programs/index.html,37216,551,10.536923,95,71,19.14,159,128,1.561,,,,https://www.jhsph.edu/departments/health-behavior-and-society/degree-programs/
https://www.jhsph.edu/departments/health-behavior-and-society/degree-programs/drph-in-social-and-behavioral-sciences/,1,text/html;charset=UTF-8,200,OK,"DrPH in Social & Behavioral Sciences - Degree Programs - Health, Behavior and Society - Departments - Johns Hopkins Bloomberg School of Public Health",149,1244,,0,0,,0,0,"bloomberg school of public health, school of public health, johns hopkins, departments, academics, research, centers, admissions, preparedness, infectious diseases,Johns Hopkins University,Johns Hopkins Bloomberg School of Public Health,academic departments,Biochemistry and Molecular Biology,Health Policy and Management,Biostatistics,International Health,Environmental Health Sciences,Mental Health,Epidemiology,Molecular Microbiology and Immunology,Health, Behavior & Society,Population,Family and Reproductive Health,Population and family health sciences",558,Doctor of Public Health (DrPH) in Social & Behavioral Sciences,62,,0,Health Education & Communication,32,Social & Psychological Influences on Health,43,,https://www.jhsph.edu/departments/health-behavior-and-society/degree-programs/drph-in-social-and-behavioral-sciences/index.html,34465,788,16.428219,10,5,1.35,137,113,0.939,,,,https://www.jhsph.edu/departments/health-behavior-and-society/degree-programs/drph-in-social-and-behavioral-sciences/
https://www.jhsph.edu/departments/health-behavior-and-society/degree-programs/drph-in-social-and-behavioral-sciences/index.html,2,text/html;charset=UTF-8,200,OK,"DrPH in Social & Behavioral Sciences - Degree Programs - Health, Behavior and Society - Departments - Johns Hopkins Bloomberg School of Public Health",149,1244,,0,0,,0,0,"bloomberg school of public health, school of public health, johns hopkins, departments, academics, research, centers, admissions, preparedness, infectious diseases,Johns Hopkins University,Johns Hopkins Bloomberg School of Public Health,academic departments,Biochemistry and Molecular Biology,Health Policy and Management,Biostatistics,International Health,Environmental Health Sciences,Mental Health,Epidemiology,Molecular Microbiology and Immunology,Health, Behavior & Society,Population,Family and Reproductive Health,Population and family health sciences",558,Doctor of Public Health (DrPH) in Social & Behavioral Sciences,62,,0,Health Education & Communication,32,Social & Psychological Influences on Health,43,,https://www.jhsph.edu/departments/health-behavior-and-society/degree-programs/drph-in-social-and-behavioral-sciences/index.html,34485,788,16.41869,1,1,0.27,137,114,0.646,,,,https://www.jhsph.edu/departments/health-behavior-and-society/degree-programs/drph-in-social-and-behavioral-sciences/index.html
https://www.jhsph.edu/departments/health-behavior-and-society/degree-programs/index.html,2,text/html;charset=UTF-8,200,OK,"Degree Programs - Health, Behavior and Society - Departments - Johns Hopkins Bloomberg School of Public Health",110,926,,0,0,,0,0,"bloomberg school of public health, school of public health, johns hopkins, departments, academics, research, centers, admissions, preparedness, infectious diseases,Johns Hopkins University,Johns Hopkins Bloomberg School of Public Health,academic departments,Biochemistry and Molecular Biology,Health Policy and Management,Biostatistics,International Health,Environmental Health Sciences,Mental Health,Epidemiology,Molecular Microbiology and Immunology,Health, Behavior & Society,Population,Family and Reproductive Health,Population and family health sciences",558,Degree Programs,15,,0,,0,,0,,https://www.jhsph.edu/departments/health-behavior-and-society/degree-programs/index.html,37236,551,10.531263,1,1,0.27,159,129,0.56,,,,https://www.jhsph.edu/departments/health-behavior-and-society/degree-programs/index.html
https://www.jhsph.edu/departments/health-behavior-and-society/degree-programs/mhs-in-social-factors-in-health/,1,text/html;charset=UTF-8,200,OK,"MHS in Social Factors in Health - Degree Programs - Health, Behavior and Society - Departments - Johns Hopkins Bloomberg School of Public Health",144,1196,,0,0,,0,0,"bloomberg school of public health, school of public health, johns hopkins, departments, academics, research, centers, admissions, preparedness, infectious diseases,Johns Hopkins University,Johns Hopkins Bloomberg School of Public Health,academic departments,Biochemistry and Molecular Biology,Health Policy and Management,Biostatistics,International Health,Environmental Health Sciences,Mental Health,Epidemiology,Molecular Microbiology and Immunology,Health, Behavior & Society,Population,Family and Reproductive Health,Population and family health sciences",558,Master of Health Science (MHS) in Social Factors in Health,58,,0,,0,,0,,https://www.jhsph.edu/departments/health-behavior-and-society/degree-programs/mhs-in-social-factors-in-health/index.html,33807,695,14.068463,34,25,6.74,140,114,0.805,,,,https://www.jhsph.edu/departments/health-behavior-and-society/degree-programs/mhs-in-social-factors-in-health/
https://www.jhsph.edu/departments/health-behavior-and-society/degree-programs/mhs-in-social-factors-in-health/faqs.html,2,text/html;charset=UTF-8,200,OK,"FAQs - MHS in Social Factors in Health - Degree Programs - Health, Behavior and Society - Departments - Johns Hopkins Bloomberg School of Public Health",151,1258,,0,0,,0,0,"bloomberg school of public health, school of public health, johns hopkins, departments, academics, research, centers, admissions, preparedness, infectious diseases,Johns Hopkins University,Johns Hopkins Bloomberg School of Public Health,academic departments,Biochemistry and Molecular Biology,Health Policy and Management,Biostatistics,International Health,Environmental Health Sciences,Mental Health,Epidemiology,Molecular Microbiology and Immunology,Health, Behavior & Society,Population,Family and Reproductive Health,Population and family health sciences",558,Frequently Asked Questions,26,,0,What are the criteria for admissions?,37,What is the admissions review process?,38,,https://www.jhsph.edu/departments/health-behavior-and-society/degree-programs/mhs-in-social-factors-in-health/faqs.html,37428,1180,20.795916,8,6,1.62,142,113,0.763,,,,https://www.jhsph.edu/departments/health-behavior-and-society/degree-programs/mhs-in-social-factors-in-health/faqs.html
https://www.jhsph.edu/departments/health-behavior-and-society/degree-programs/mhs-in-social-factors-in-health/funding-opportunities.html,2,text/html;charset=UTF-8,200,OK,"Funding Opportunities - MHS in Social Factors in Health - Degree Programs - Health, Behavior and Society - Departments - Johns Hopkins Bloomberg School of Public Health",168,1389,,0,0,,0,0,"bloomberg school of public health, school of public health, johns hopkins, departments, academics, research, centers, admissions, preparedness, infectious diseases,Johns Hopkins University,Johns Hopkins Bloomberg School of Public Health,academic departments,Biochemistry and Molecular Biology,Health Policy and Management,Biostatistics,International Health,Environmental Health Sciences,Mental Health,Epidemiology,Molecular Microbiology and Immunology,Health, Behavior & Society,Population,Family and Reproductive Health,Population and family health sciences",558,Funding Opportunities,21,,0,,0,,0,,https://www.jhsph.edu/departments/health-behavior-and-society/degree-programs/mhs-in-social-factors-in-health/funding-opportunities.html,32600,507,11.029637,8,6,1.62,139,112,0.657,,,,https://www.jhsph.edu/departments/health-behavior-and-society/degree-programs/mhs-in-social-factors-in-health/funding-opportunities.html
https://www.jhsph.edu/departments/health-behavior-and-society/degree-programs/mhs-in-social-factors-in-health/index.html,2,text/html;charset=UTF-8,200,OK,"MHS in Social Factors in Health - Degree Programs - Health, Behavior and Society - Departments - Johns Hopkins Bloomberg School of Public Health",144,1196,,0,0,,0,0,"bloomberg school of public health, school of public health, johns hopkins, departments, academics, research, centers, admissions, preparedness, infectious diseases,Johns Hopkins University,Johns Hopkins Bloomberg School of Public Health,academic departments,Biochemistry and Molecular Biology,Health Policy and Management,Biostatistics,International Health,Environmental Health Sciences,Mental Health,Epidemiology,Molecular Microbiology and Immunology,Health, Behavior & Society,Population,Family and Reproductive Health,Population and family health sciences",558,Master of Health Science (MHS) in Social Factors in Health,58,,0,,0,,0,,https://www.jhsph.edu/departments/health-behavior-and-society/degree-programs/mhs-in-social-factors-in-health/index.html,33827,695,14.060144,3,3,0.81,140,115,0.61,,,,https://www.jhsph.edu/departments/health-behavior-and-society/degree-programs/mhs-in-social-factors-in-health/index.html
https://www.jhsph.edu/departments/health-behavior-and-society/degree-programs/msph-in-health-education-and-health-communication/,1,text/html;charset=UTF-8,200,OK,"MSPH in Health Education & Health Communication - Degree Programs - Health, Behavior and Society - Departments - Johns Hopkins Bloomberg School of Public Health",160,1359,,0,0,,0,0,"bloomberg school of public health, school of public health, johns hopkins, departments, academics, research, centers, admissions, preparedness, infectious diseases,Johns Hopkins University,Johns Hopkins Bloomberg School of Public Health,academic departments,Biochemistry and Molecular Biology,Health Policy and Management,Biostatistics,International Health,Environmental Health Sciences,Mental Health,Epidemiology,Molecular Microbiology and Immunology,Health, Behavior & Society,Population,Family and Reproductive Health,Population and family health sciences",558,Master of Science in Public Health (MSPH) in Health Education & Health Communication,84,,0,,0,,0,,https://www.jhsph.edu/departments/health-behavior-and-society/degree-programs/msph-in-health-education-and-health-communication/index.html,34847,736,15.205349,35,25,6.74,141,114,0.803,,,,https://www.jhsph.edu/departments/health-behavior-and-society/degree-programs/msph-in-health-education-and-health-communication/
https://www.jhsph.edu/departments/health-behavior-and-society/degree-programs/msph-in-health-education-and-health-communication/faqs.html,2,text/html;charset=UTF-8,200,OK,"FAQs - MSPH in Health Education & Health Communication - Degree Programs - Health, Behavior and Society - Departments - Johns Hopkins Bloomberg School of Public Health",167,1421,,0,0,,0,0,"bloomberg school of public health, school of public health, johns hopkins, departments, academics, research, centers, admissions, preparedness, infectious diseases,Johns Hopkins University,Johns Hopkins Bloomberg School of Public Health,academic departments,Biochemistry and Molecular Biology,Health Policy and Management,Biostatistics,International Health,Environmental Health Sciences,Mental Health,Epidemiology,Molecular Microbiology and Immunology,Health, Behavior & Society,Population,Family and Reproductive Health,Population and family health sciences",558,Frequently Asked Questions,26,,0,What are the criteria for admissions?,37,What is the admissions review process?,38,,https://www.jhsph.edu/departments/health-behavior-and-society/degree-programs/msph-in-health-education-and-health-communication/faqs.html,38622,1276,22.302513,9,7,1.89,142,113,0.816,,,,https://www.jhsph.edu/departments/health-behavior-and-society/degree-programs/msph-in-health-education-and-health-communication/faqs.html
https://www.jhsph.edu/departments/health-behavior-and-society/degree-programs/msph-in-health-education-and-health-communication/funding-opportunities.html,2,text/html;charset=UTF-8,200,OK,"Funding Opportunities - MSPH in Health Education & Health Communication - Degree Programs - Health, Behavior and Society - Departments - Johns Hopkins Bloomberg School of Public Health",184,1552,,0,0,,0,0,"bloomberg school of public health, school of public health, johns hopkins, departments, academics, research, centers, admissions, preparedness, infectious diseases,Johns Hopkins University,Johns Hopkins Bloomberg School of Public Health,academic departments,Biochemistry and Molecular Biology,Health Policy and Management,Biostatistics,International Health,Environmental Health Sciences,Mental Health,Epidemiology,Molecular Microbiology and Immunology,Health, Behavior & Society,Population,Family and Reproductive Health,Population and family health sciences",558,Funding Opportunities,21,,0,,0,,0,,https://www.jhsph.edu/departments/health-behavior-and-society/degree-programs/msph-in-health-education-and-health-communication/funding-opportunities.html,33344,588,12.487252,9,7,1.89,139,112,0.72,,,,https://www.jhsph.edu/departments/health-behavior-and-society/degree-programs/msph-in-health-education-and-health-communication/funding-opportunities.html
https://www.jhsph.edu/departments/health-behavior-and-society/degree-programs/msph-in-health-education-and-health-communication/index.html,2,text/html;charset=UTF-8,200,OK,"MSPH in Health Education & Health Communication - Degree Programs - Health, Behavior and Society - Departments - Johns Hopkins Bloomberg School of Public Health",160,1359,,0,0,,0,0,"bloomberg school of public health, school of public health, johns hopkins, departments, academics, research, centers, admissions, preparedness, infectious diseases,Johns Hopkins University,Johns Hopkins Bloomberg School of Public Health,academic departments,Biochemistry and Molecular Biology,Health Policy and Management,Biostatistics,International Health,Environmental Health Sciences,Mental Health,Epidemiology,Molecular Microbiology and Immunology,Health, Behavior & Society,Population,Family and Reproductive Health,Population and family health sciences",558,Master of Science in Public Health (MSPH) in Health Education & Health Communication,84,,0,,0,,0,,https://www.jhsph.edu/departments/health-behavior-and-society/degree-programs/msph-in-health-education-and-health-communication/index.html,34867,736,15.196628,3,3,0.81,141,115,0.601,,,,https://www.jhsph.edu/departments/health-behavior-and-society/degree-programs/msph-in-health-education-and-health-communication/index.html
https://www.jhsph.edu/departments/health-behavior-and-society/degree-programs/msph-in-health-education-and-health-communication/msph-curriculum.html,2,text/html;charset=UTF-8,200,OK,"MSPH Curriculum - MSPH in Health Education & Health Communication - Degree Programs - Health, Behavior and Society - Departments - Johns Hopkins Bloomberg School of Public Health",178,1519,,0,0,,0,0,"bloomberg school of public health, school of public health, johns hopkins, departments, academics, research, centers, admissions, preparedness, infectious diseases,Johns Hopkins University,Johns Hopkins Bloomberg School of Public Health,academic departments,Biochemistry and Molecular Biology,Health Policy and Management,Biostatistics,International Health,Environmental Health Sciences,Mental Health,Epidemiology,Molecular Microbiology and Immunology,Health, Behavior & Society,Population,Family and Reproductive Health,Population and family health sciences",558,MSPH Required Curriculum,24,,0,,0,,0,,https://www.jhsph.edu/departments/health-behavior-and-society/degree-programs/msph-in-health-education-and-health-communication/msph-curriculum.html,37983,742,14.577244,4,3,0.81,139,113,0.627,,,,https://www.jhsph.edu/departments/health-behavior-and-society/degree-programs/msph-in-health-education-and-health-communication/msph-curriculum.html
https://www.jhsph.edu/departments/health-behavior-and-society/degree-programs/phd-in-social-and-behavioral-sciences/,1,text/html;charset=UTF-8,200,OK,"PhD in Social & Behavioral Sciences - Degree Programs - Health, Behavior and Society - Departments - Johns Hopkins Bloomberg School of Public Health",148,1235,,0,0,,0,0,"bloomberg school of public health, school of public health, johns hopkins, departments, academics, research, centers, admissions, preparedness, infectious diseases,Johns Hopkins University,Johns Hopkins Bloomberg School of Public Health,academic departments,Biochemistry and Molecular Biology,Health Policy and Management,Biostatistics,International Health,Environmental Health Sciences,Mental Health,Epidemiology,Molecular Microbiology and Immunology,Health, Behavior & Society,Population,Family and Reproductive Health,Population and family health sciences",558,Doctor of Philosophy (PhD) in Social & Behavioral Sciences,58,,0,Health Education & Communication,32,Social & Psychological Influences on Health,43,,https://www.jhsph.edu/departments/health-behavior-and-society/degree-programs/phd-in-social-and-behavioral-sciences/index.html,34329,722,15.123089,34,25,6.74,140,114,1.154,,,,https://www.jhsph.edu/departments/health-behavior-and-society/degree-programs/phd-in-social-and-behavioral-sciences/
https://www.jhsph.edu/departments/health-behavior-and-society/degree-programs/phd-in-social-and-behavioral-sciences/faqs.html,2,text/html;charset=UTF-8,200,OK,"FAQs - PhD in Social & Behavioral Sciences - Degree Programs - Health, Behavior and Society - Departments - Johns Hopkins Bloomberg School of Public Health",155,1297,,0,0,,0,0,"bloomberg school of public health, school of public health, johns hopkins, departments, academics, research, centers, admissions, preparedness, infectious diseases,Johns Hopkins University,Johns Hopkins Bloomberg School of Public Health,academic departments,Biochemistry and Molecular Biology,Health Policy and Management,Biostatistics,International Health,Environmental Health Sciences,Mental Health,Epidemiology,Molecular Microbiology and Immunology,Health, Behavior & Society,Population,Family and Reproductive Health,Population and family health sciences",558,Frequently Asked Questions,26,,0,What are the criteria for admissions?,37,How can I apply and what is the application fee?,48,,https://www.jhsph.edu/departments/health-behavior-and-society/degree-programs/phd-in-social-and-behavioral-sciences/faqs.html,38404,1297,22.819632,8,6,1.62,141,112,0.746,,,,https://www.jhsph.edu/departments/health-behavior-and-society/degree-programs/phd-in-social-and-behavioral-sciences/faqs.html
https://www.jhsph.edu/departments/health-behavior-and-society/degree-programs/phd-in-social-and-behavioral-sciences/funding-opportunities.html,2,text/html;charset=UTF-8,200,OK,"Funding Opportunities - PhD in Social & Behavioral Sciences - Degree Programs - Health, Behavior and Society - Departments - Johns Hopkins Bloomberg School of Public Health",172,1428,,0,0,,0,0,"bloomberg school of public health, school of public health, johns hopkins, departments, academics, research, centers, admissions, preparedness, infectious diseases,Johns Hopkins University,Johns Hopkins Bloomberg School of Public Health,academic departments,Biochemistry and Molecular Biology,Health Policy and Management,Biostatistics,International Health,Environmental Health Sciences,Mental Health,Epidemiology,Molecular Microbiology and Immunology,Health, Behavior & Society,Population,Family and Reproductive Health,Population and family health sciences",558,Funding Opportunities,21,,0,,0,,0,,https://www.jhsph.edu/departments/health-behavior-and-society/degree-programs/phd-in-social-and-behavioral-sciences/funding-opportunities.html,33690,628,13.350553,8,6,1.62,139,112,0.673,,,,https://www.jhsph.edu/departments/health-behavior-and-society/degree-programs/phd-in-social-and-behavioral-sciences/funding-opportunities.html
https://www.jhsph.edu/departments/health-behavior-and-society/degree-programs/phd-in-social-and-behavioral-sciences/index.html,2,text/html;charset=UTF-8,200,OK,"PhD in Social & Behavioral Sciences - Degree Programs - Health, Behavior and Society - Departments - Johns Hopkins Bloomberg School of Public Health",148,1235,,0,0,,0,0,"bloomberg school of public health, school of public health, johns hopkins, departments, academics, research, centers, admissions, preparedness, infectious diseases,Johns Hopkins University,Johns Hopkins Bloomberg School of Public Health,academic departments,Biochemistry and Molecular Biology,Health Policy and Management,Biostatistics,International Health,Environmental Health Sciences,Mental Health,Epidemiology,Molecular Microbiology and Immunology,Health, Behavior & Society,Population,Family and Reproductive Health,Population and family health sciences",558,Doctor of Philosophy (PhD) in Social & Behavioral Sciences,58,,0,Health Education & Communication,32,Social & Psychological Influences on Health,43,,https://www.jhsph.edu/departments/health-behavior-and-society/degree-programs/phd-in-social-and-behavioral-sciences/index.html,34349,722,15.114282,3,3,0.81,140,115,0.584,,,,https://www.jhsph.edu/departments/health-behavior-and-society/degree-programs/phd-in-social-and-behavioral-sciences/index.html
https://www.jhsph.edu/departments/health-behavior-and-society/degree-programs/scm-in-genetic-counseling/,1,text/html;charset=UTF-8,200,OK,"ScM in Genetic Counseling - Degree Programs - Health, Behavior and Society - Departments - Johns Hopkins Bloomberg School of Public Health",138,1159,,0,0,,0,0,"bloomberg school of public health, school of public health, johns hopkins, departments, academics, research, centers, admissions, preparedness, infectious diseases,Johns Hopkins University,Johns Hopkins Bloomberg School of Public Health,academic departments,Biochemistry and Molecular Biology,Health Policy and Management,Biostatistics,International Health,Environmental Health Sciences,Mental Health,Epidemiology,Molecular Microbiology and Immunology,Health, Behavior & Society,Population,Family and Reproductive Health,Population and family health sciences",558,Master of Science (ScM) in Genetic Counseling,45,,0,,0,,0,,https://www.jhsph.edu/departments/health-behavior-and-society/degree-programs/scm-in-genetic-counseling/index.html,34665,798,16.079517,34,25,6.74,140,114,0.794,,,,https://www.jhsph.edu/departments/health-behavior-and-society/degree-programs/scm-in-genetic-counseling/
https://www.jhsph.edu/departments/health-behavior-and-society/degree-programs/scm-in-genetic-counseling/faqs.html,2,text/html;charset=UTF-8,200,OK,"FAQs - ScM in Genetic Counseling - Degree Programs - Health, Behavior and Society - Departments - Johns Hopkins Bloomberg School of Public Health",145,1221,,0,0,,0,0,"bloomberg school of public health, school of public health, johns hopkins, departments, academics, research, centers, admissions, preparedness, infectious diseases,Johns Hopkins University,Johns Hopkins Bloomberg School of Public Health,academic departments,Biochemistry and Molecular Biology,Health Policy and Management,Biostatistics,International Health,Environmental Health Sciences,Mental Health,Epidemiology,Molecular Microbiology and Immunology,Health, Behavior & Society,Population,Family and Reproductive Health,Population and family health sciences",558,Frequently Asked Questions,26,,0,How many applications are typically received for the JHU/NHGRI Genetic Counseling Training Program? How many students are admitted to the program?,146,Do most students entering the program have a strong background in biology or genetics?,86,,https://www.jhsph.edu/departments/health-behavior-and-society/degree-programs/scm-in-genetic-counseling/faqs.html,36776,1104,20.147427,8,6,1.62,140,112,0.654,,,,https://www.jhsph.edu/departments/health-behavior-and-society/degree-programs/scm-in-genetic-counseling/faqs.html
https://www.jhsph.edu/departments/health-behavior-and-society/degree-programs/scm-in-genetic-counseling/funding-opportunities.html,2,text/html;charset=UTF-8,200,OK,"Funding Opportunities - ScM in Genetic Counseling - Degree Programs - Health, Behavior and Society - Departments - Johns Hopkins Bloomberg School of Public Health",162,1352,,0,0,,0,0,"bloomberg school of public health, school of public health, johns hopkins, departments, academics, research, centers, admissions, preparedness, infectious diseases,Johns Hopkins University,Johns Hopkins Bloomberg School of Public Health,academic departments,Biochemistry and Molecular Biology,Health Policy and Management,Biostatistics,International Health,Environmental Health Sciences,Mental Health,Epidemiology,Molecular Microbiology and Immunology,Health, Behavior & Society,Population,Family and Reproductive Health,Population and family health sciences",558,Funding Opportunities,21,,0,,0,,0,,https://www.jhsph.edu/departments/health-behavior-and-society/degree-programs/scm-in-genetic-counseling/funding-opportunities.html,32709,527,11.478368,8,6,1.62,139,112,0.605,,,,https://www.jhsph.edu/departments/health-behavior-and-society/degree-programs/scm-in-genetic-counseling/funding-opportunities.html
https://www.jhsph.edu/departments/health-behavior-and-society/degree-programs/scm-in-genetic-counseling/index.html,2,text/html;charset=UTF-8,200,OK,"ScM in Genetic Counseling - Degree Programs - Health, Behavior and Society - Departments - Johns Hopkins Bloomberg School of Public Health",138,1159,,0,0,,0,0,"bloomberg school of public health, school of public health, johns hopkins, departments, academics, research, centers, admissions, preparedness, infectious diseases,Johns Hopkins University,Johns Hopkins Bloomberg School of Public Health,academic departments,Biochemistry and Molecular Biology,Health Policy and Management,Biostatistics,International Health,Environmental Health Sciences,Mental Health,Epidemiology,Molecular Microbiology and Immunology,Health, Behavior & Society,Population,Family and Reproductive Health,Population and family health sciences",558,Master of Science (ScM) in Genetic Counseling,45,,0,,0,,0,,https://www.jhsph.edu/departments/health-behavior-and-society/degree-programs/scm-in-genetic-counseling/index.html,34685,798,16.070244,3,3,0.81,140,115,0.653,,,,https://www.jhsph.edu/departments/health-behavior-and-society/degree-programs/scm-in-genetic-counseling/index.html
,,,,,,,,,,,,,,,,,,,,,,,,,,,,,,,,,,,,,,
CERTIFICATES,,,,,,,,,,,,,,,,,,,,,,,,,,,,,,,,,,,,,,
https://www.jhsph.edu/departments/health-behavior-and-society/certificates/,1,text/html;charset=UTF-8,200,OK,"Certificates - Health, Behavior and Society - Departments - Johns Hopkins Bloomberg School of Public Health",107,874,,0,0,,0,0,"bloomberg school of public health, school of public health, johns hopkins, departments, academics, research, centers, admissions, preparedness, infectious diseases,Johns Hopkins University,Johns Hopkins Bloomberg School of Public Health,academic departments,Biochemistry and Molecular Biology,Health Policy and Management,Biostatistics,International Health,Environmental Health Sciences,Mental Health,Epidemiology,Molecular Microbiology and Immunology,Health, Behavior & Society,Population,Family and Reproductive Health,Population and family health sciences",558,Certificates,12,,0,,0,,0,,https://www.jhsph.edu/departments/health-behavior-and-society/certificates/index.html,36883,501,9.821308,78,71,19.14,148,112,1.24,,,,https://www.jhsph.edu/departments/health-behavior-and-society/certificates/
https://www.jhsph.edu/departments/health-behavior-and-society/certificates/index.html,2,text/html;charset=UTF-8,200,OK,"Certificates - Health, Behavior and Society - Departments - Johns Hopkins Bloomberg School of Public Health",107,874,,0,0,,0,0,"bloomberg school of public health, school of public health, johns hopkins, departments, academics, research, centers, admissions, preparedness, infectious diseases,Johns Hopkins University,Johns Hopkins Bloomberg School of Public Health,academic departments,Biochemistry and Molecular Biology,Health Policy and Management,Biostatistics,International Health,Environmental Health Sciences,Mental Health,Epidemiology,Molecular Microbiology and Immunology,Health, Behavior & Society,Population,Family and Reproductive Health,Population and family health sciences",558,Certificates,12,,0,,0,,0,,https://www.jhsph.edu/departments/health-behavior-and-society/certificates/index.html,36903,501,9.815984,1,1,0.27,148,113,0.803,,,,https://www.jhsph.edu/departments/health-behavior-and-society/certificates/index.html
,,,,,,,,,,,,,,,,,,,,,,,,,,,,,,,,,,,,,,
HBS SUMMER INST.,,,,,,,,,,,,,,,,,,,,,,,,,,,,,,,,,,,,,,
https://www.jhsph.edu/departments/health-behavior-and-society/health-behavior-and-society-summer-institute/,1,text/html;charset=UTF-8,200,OK,"Summer Institute - Health, Behavior and Society - Departments - Johns Hopkins Bloomberg School of Public Health",111,920,,0,0,,0,0,"bloomberg school of public health, school of public health, johns hopkins, departments, academics, research, centers, admissions, preparedness, infectious diseases,Johns Hopkins University,Johns Hopkins Bloomberg School of Public Health,academic departments,Biochemistry and Molecular Biology,Health Policy and Management,Biostatistics,International Health,Environmental Health Sciences,Mental Health,Epidemiology,Molecular Microbiology and Immunology,Health, Behavior & Society,Population,Family and Reproductive Health,Population and family health sciences, summer institute,summer courses,social and behavioral sciences,psychosocial factors,media advocacy,qualitative methods,qualitative interviewing,public health",717,"Health, Behavior and Society Summer Institute",45,,0,,0,,0,,https://www.jhsph.edu/departments/health-behavior-and-society/health-behavior-and-society-summer-institute/index.html,33841,513,10.985665,79,71,19.14,140,115,0.735,,,,https://www.jhsph.edu/departments/health-behavior-and-society/health-behavior-and-society-summer-institute/
https://www.jhsph.edu/departments/health-behavior-and-society/health-behavior-and-society-summer-institute/contact.html,2,text/html;charset=UTF-8,200,OK,"Contact - Summer Institute - Health, Behavior and Society - Departments - Johns Hopkins Bloomberg School of Public Health",121,998,,0,0,,0,0,"bloomberg school of public health, school of public health, johns hopkins, departments, academics, research, centers, admissions, preparedness, infectious diseases,Johns Hopkins University,Johns Hopkins Bloomberg School of Public Health,academic departments,Biochemistry and Molecular Biology,Health Policy and Management,Biostatistics,International Health,Environmental Health Sciences,Mental Health,Epidemiology,Molecular Microbiology and Immunology,Health, Behavior & Society,Population,Family and Reproductive Health,Population and family health sciences",558,Contact,7,,0,General Information,19,Program Directors,17,,https://www.jhsph.edu/departments/health-behavior-and-society/health-behavior-and-society-summer-institute/contact.html,32862,474,10.54842,9,7,1.89,140,115,0.675,,,,https://www.jhsph.edu/departments/health-behavior-and-society/health-behavior-and-society-summer-institute/contact.html
https://www.jhsph.edu/departments/health-behavior-and-society/health-behavior-and-society-summer-institute/course-offerings.html,2,text/html;charset=UTF-8,200,OK,"Course Offerings - Summer Institute - Health, Behavior and Society - Departments - Johns Hopkins Bloomberg School of Public Health",130,1072,,0,0,,0,0,"bloomberg school of public health, school of public health, johns hopkins, departments, academics, research, centers, admissions, preparedness, infectious diseases,Johns Hopkins University,Johns Hopkins Bloomberg School of Public Health,academic departments,Biochemistry and Molecular Biology,Health Policy and Management,Biostatistics,International Health,Environmental Health Sciences,Mental Health,Epidemiology,Molecular Microbiology and Immunology,Health, Behavior & Society,Population,Family and Reproductive Health,Population and family health sciences",558,"Health, Behavior and Society¬†Summer Institute Course Offerings¬†",63,,0,Academic Year 2018 - 2019 Courses,33,,0,,https://www.jhsph.edu/departments/health-behavior-and-society/health-behavior-and-society-summer-institute/course-offerings.html,35490,602,12.201996,13,9,2.43,146,121,0.822,,,,https://www.jhsph.edu/departments/health-behavior-and-society/health-behavior-and-society-summer-institute/course-offerings.html
https://www.jhsph.edu/departments/health-behavior-and-society/health-behavior-and-society-summer-institute/faculty.html,2,text/html;charset=UTF-8,200,OK,"Faculty - Summer Institute - Health, Behavior and Society - Departments - Johns Hopkins Bloomberg School of Public Health",121,994,,0,0,,0,0,"bloomberg school of public health, school of public health, johns hopkins, departments, academics, research, centers, admissions, preparedness, infectious diseases,Johns Hopkins University,Johns Hopkins Bloomberg School of Public Health,academic departments,Biochemistry and Molecular Biology,Health Policy and Management,Biostatistics,International Health,Environmental Health Sciences,Mental Health,Epidemiology,Molecular Microbiology and Immunology,Health, Behavior & Society,Population,Family and Reproductive Health,Population and family health sciences",558,Faculty,7,,0,,0,,0,,https://www.jhsph.edu/departments/health-behavior-and-society/health-behavior-and-society-summer-institute/faculty.html,37976,1189,22.31061,9,7,1.89,140,115,0.611,,,,https://www.jhsph.edu/departments/health-behavior-and-society/health-behavior-and-society-summer-institute/faculty.html
https://www.jhsph.edu/departments/health-behavior-and-society/health-behavior-and-society-summer-institute/general-information.html,2,text/html;charset=UTF-8,200,OK,"General Information - Summer Institute - Health, Behavior and Society - Departments - Johns Hopkins Bloomberg School of Public Health",133,1095,,0,0,,0,0,"bloomberg school of public health, school of public health, johns hopkins, departments, academics, research, centers, admissions, preparedness, infectious diseases,Johns Hopkins University,Johns Hopkins Bloomberg School of Public Health,academic departments,Biochemistry and Molecular Biology,Health Policy and Management,Biostatistics,International Health,Environmental Health Sciences,Mental Health,Epidemiology,Molecular Microbiology and Immunology,Health, Behavior & Society,Population,Family and Reproductive Health,Population and family health sciences",558,General Information,19,,0,Course Credit,13,Registration,12,,https://www.jhsph.edu/departments/health-behavior-and-society/health-behavior-and-society-summer-institute/general-information.html,35652,748,15.013465,9,7,1.89,145,117,0.756,,,,https://www.jhsph.edu/departments/health-behavior-and-society/health-behavior-and-society-summer-institute/general-information.html
https://www.jhsph.edu/departments/health-behavior-and-society/health-behavior-and-society-summer-institute/index.html,2,text/html;charset=UTF-8,200,OK,"Summer Institute - Health, Behavior and Society - Departments - Johns Hopkins Bloomberg School of Public Health",111,920,,0,0,,0,0,"bloomberg school of public health, school of public health, johns hopkins, departments, academics, research, centers, admissions, preparedness, infectious diseases,Johns Hopkins University,Johns Hopkins Bloomberg School of Public Health,academic departments,Biochemistry and Molecular Biology,Health Policy and Management,Biostatistics,International Health,Environmental Health Sciences,Mental Health,Epidemiology,Molecular Microbiology and Immunology,Health, Behavior & Society,Population,Family and Reproductive Health,Population and family health sciences, summer institute,summer courses,social and behavioral sciences,psychosocial factors,media advocacy,qualitative methods,qualitative interviewing,public health",717,"Health, Behavior and Society Summer Institute",45,,0,,0,,0,,https://www.jhsph.edu/departments/health-behavior-and-society/health-behavior-and-society-summer-institute/index.html,33861,513,10.979176,1,1,0.27,140,116,0.556,,,,https://www.jhsph.edu/departments/health-behavior-and-society/health-behavior-and-society-summer-institute/index.html
https://www.jhsph.edu/departments/health-behavior-and-society/health-behavior-and-society-summer-institute/tuition-and-fees.html,2,text/html;charset=UTF-8,200,OK,"Tuition and Fees - Health, Behavior & Society Summer Institute - Health, Behavior and Society - Departments - Johns Hopkins Bloomberg School of Public Health",157,1289,,0,0,,0,0,"bloomberg school of public health, school of public health, johns hopkins, departments, academics, research, centers, admissions, preparedness, infectious diseases,Johns Hopkins University,Johns Hopkins Bloomberg School of Public Health,academic departments,Biochemistry and Molecular Biology,Health Policy and Management,Biostatistics,International Health,Environmental Health Sciences,Mental Health,Epidemiology,Molecular Microbiology and Immunology,Health, Behavior & Society,Population,Family and Reproductive Health,Population and family health sciences",558,Tuition and Fees,16,,0,,0,,0,,https://www.jhsph.edu/departments/health-behavior-and-society/health-behavior-and-society-summer-institute/tuition-and-fees.html,34428,656,13.261096,10,8,2.16,141,116,0.664,,,,https://www.jhsph.edu/departments/health-behavior-and-society/health-behavior-and-society-summer-institute/tuition-and-fees.html
,,,,,,,,,,,,,,,,,,,,,,,,,,,,,,,,,,,,,,
RESEARCH AND CENTERS,,,,,,,,,,,,,,,,,,,,,,,,,,,,,,,,,,,,,,
https://www.jhsph.edu/departments/health-behavior-and-society/research-and-centers/,1,text/html;charset=UTF-8,200,OK,"Research and Centers - Health, Behavior & Society - Departments - Johns Hopkins Bloomberg School of Public Health",113,946,,0,0,,0,0,"bloomberg school of public health, school of public health, johns hopkins, departments, academics, research, centers, admissions, preparedness, infectious diseases,Johns Hopkins University,Johns Hopkins Bloomberg School of Public Health,academic departments,Biochemistry and Molecular Biology,Health Policy and Management,Biostatistics,International Health,Environmental Health Sciences,Mental Health,Epidemiology,Molecular Microbiology and Immunology,Health, Behavior & Society,Population,Family and Reproductive Health,Population and family health sciences",558,Research and Centers,20,,0,,0,,0,,https://www.jhsph.edu/departments/health-behavior-and-society/research-and-centers/index.html,37521,686,13.112089,84,71,19.14,146,116,1.258,,,,https://www.jhsph.edu/departments/health-behavior-and-society/research-and-centers/
https://www.jhsph.edu/departments/health-behavior-and-society/research-and-centers/behavioral-and-social-aspects-of-genetics.html,2,text/html;charset=UTF-8,200,OK,"Behavioral & Social Aspects of Genetics - Research - Health, Behavior and Society - Departments - Johns Hopkins Bloomberg School of Public Health",145,1198,,0,0,,0,0,"bloomberg school of public health, school of public health, johns hopkins, departments, academics, research, centers, admissions, preparedness, infectious diseases,Johns Hopkins University,Johns Hopkins Bloomberg School of Public Health,academic departments,Biochemistry and Molecular Biology,Health Policy and Management,Biostatistics,International Health,Environmental Health Sciences,Mental Health,Epidemiology,Molecular Microbiology and Immunology,Health, Behavior & Society,Population,Family and Reproductive Health,Population and family health sciences",558,Behavioral & Social Aspects of Genetics,39,,0,,0,,0,,https://www.jhsph.edu/departments/health-behavior-and-society/research-and-centers/behavioral-and-social-aspects-of-genetics.html,31539,511,11.600546,4,3,0.81,133,109,0.678,,,,https://www.jhsph.edu/departments/health-behavior-and-society/research-and-centers/behavioral-and-social-aspects-of-genetics.html
https://www.jhsph.edu/departments/health-behavior-and-society/research-and-centers/center-for-qualitative-studies-in-health-and-medicine/,2,text/html;charset=UTF-8,200,OK,"Center for Qualitative Studies in Health and Medicine - Research and Centers - Health, Behavior and Society - Departments - Johns Hopkins Bloomberg School of Public Health",171,1403,,0,0,,0,0,"bloomberg school of public health, school of public health, johns hopkins, departments, academics, research, centers, admissions, preparedness, infectious diseases,Johns Hopkins University,Johns Hopkins Bloomberg School of Public Health,academic departments,Biochemistry and Molecular Biology,Health Policy and Management,Biostatistics,International Health,Environmental Health Sciences,Mental Health,Epidemiology,Molecular Microbiology and Immunology,Health, Behavior & Society,Population,Family and Reproductive Health,Population and family health sciences",558,Center for Qualitative Studies in Health and Medicine,53,,0,,0,,0,,https://www.jhsph.edu/departments/health-behavior-and-society/research-and-centers/center-for-qualitative-studies-in-health-and-medicine/index.html,38378,650,12.014595,26,17,4.58,146,113,1.137,,,,https://www.jhsph.edu/departments/health-behavior-and-society/research-and-centers/center-for-qualitative-studies-in-health-and-medicine/
https://www.jhsph.edu/departments/health-behavior-and-society/research-and-centers/center-for-qualitative-studies-in-health-and-medicine/dissertation-awards.html,3,text/html;charset=UTF-8,200,OK,"Dissertation Awards - Center for Qualitative Studies in Health and Medicine - Research and Centers - Health, Behavior and Society - Departments - Johns Hopkins Bloomberg School of Public Health",193,1579,,0,0,,0,0,"bloomberg school of public health, school of public health, johns hopkins, departments, academics, research, centers, admissions, preparedness, infectious diseases,Johns Hopkins University,Johns Hopkins Bloomberg School of Public Health,academic departments,Biochemistry and Molecular Biology,Health Policy and Management,Biostatistics,International Health,Environmental Health Sciences,Mental Health,Epidemiology,Molecular Microbiology and Immunology,Health, Behavior & Society,Population,Family and Reproductive Health,Population and family health sciences",558,Dissertation Awards,19,,0,Eligibility,11,Use of Award Funds,18,,https://www.jhsph.edu/departments/health-behavior-and-society/research-and-centers/center-for-qualitative-studies-in-health-and-medicine/dissertation-awards.html,38516,1225,22.457253,12,6,1.62,138,112,0.674,,,,https://www.jhsph.edu/departments/health-behavior-and-society/research-and-centers/center-for-qualitative-studies-in-health-and-medicine/dissertation-awards.html
https://www.jhsph.edu/departments/health-behavior-and-society/research-and-centers/center-for-qualitative-studies-in-health-and-medicine/index.html,3,text/html;charset=UTF-8,200,OK,"Center for Qualitative Studies in Health and Medicine - Research and Centers - Health, Behavior and Society - Departments - Johns Hopkins Bloomberg School of Public Health",171,1403,,0,0,,0,0,"bloomberg school of public health, school of public health, johns hopkins, departments, academics, research, centers, admissions, preparedness, infectious diseases,Johns Hopkins University,Johns Hopkins Bloomberg School of Public Health,academic departments,Biochemistry and Molecular Biology,Health Policy and Management,Biostatistics,International Health,Environmental Health Sciences,Mental Health,Epidemiology,Molecular Microbiology and Immunology,Health, Behavior & Society,Population,Family and Reproductive Health,Population and family health sciences",558,Center for Qualitative Studies in Health and Medicine,53,,0,,0,,0,,https://www.jhsph.edu/departments/health-behavior-and-society/research-and-centers/center-for-qualitative-studies-in-health-and-medicine/index.html,38398,650,12.008335,1,1,0.27,146,114,0.752,,,,https://www.jhsph.edu/departments/health-behavior-and-society/research-and-centers/center-for-qualitative-studies-in-health-and-medicine/index.html
https://www.jhsph.edu/departments/health-behavior-and-society/research-and-centers/center-for-qualitative-studies-in-health-and-medicine/our-team.html,3,text/html;charset=UTF-8,200,OK,"Our Team - Center for Qualitative Studies in Health and Medicine - Research and Centers - Health, Behavior and Society - Departments - Johns Hopkins Bloomberg School of Public Health",182,1500,,0,0,,0,0,"bloomberg school of public health, school of public health, johns hopkins, departments, academics, research, centers, admissions, preparedness, infectious diseases,Johns Hopkins University,Johns Hopkins Bloomberg School of Public Health,academic departments,Biochemistry and Molecular Biology,Health Policy and Management,Biostatistics,International Health,Environmental Health Sciences,Mental Health,Epidemiology,Molecular Microbiology and Immunology,Health, Behavior & Society,Population,Family and Reproductive Health,Population and family health sciences",558,Our Team,8,,0,Leadership,10,Affiliated Faculty,18,,https://www.jhsph.edu/departments/health-behavior-and-society/research-and-centers/center-for-qualitative-studies-in-health-and-medicine/our-team.html,41380,1071,18.663895,12,6,1.62,155,129,0.982,,,,https://www.jhsph.edu/departments/health-behavior-and-society/research-and-centers/center-for-qualitative-studies-in-health-and-medicine/our-team.html
https://www.jhsph.edu/departments/health-behavior-and-society/research-and-centers/center-for-qualitative-studies-in-health-and-medicine/our-work.html,3,text/html;charset=UTF-8,200,OK,"Our Work - Center for Qualitative Studies in Health and Medicine - Research and Centers - Health, Behavior and Society - Departments - Johns Hopkins Bloomberg School of Public Health",182,1496,,0,0,,0,0,"bloomberg school of public health, school of public health, johns hopkins, departments, academics, research, centers, admissions, preparedness, infectious diseases,Johns Hopkins University,Johns Hopkins Bloomberg School of Public Health,academic departments,Biochemistry and Molecular Biology,Health Policy and Management,Biostatistics,International Health,Environmental Health Sciences,Mental Health,Epidemiology,Molecular Microbiology and Immunology,Health, Behavior & Society,Population,Family and Reproductive Health,Population and family health sciences",558,OUR WORK,8,,0,,0,Faculty Projects,16,,https://www.jhsph.edu/departments/health-behavior-and-society/research-and-centers/center-for-qualitative-studies-in-health-and-medicine/our-work.html,43371,1580,25.922337,12,6,1.62,147,121,0.98,,,,https://www.jhsph.edu/departments/health-behavior-and-society/research-and-centers/center-for-qualitative-studies-in-health-and-medicine/our-work.html
https://www.jhsph.edu/departments/health-behavior-and-society/research-and-centers/center-for-qualitative-studies-in-health-and-medicine/qualitative-courses.html,3,text/html;charset=UTF-8,200,OK,"Qualitative Courses - Center for Qualitative Studies in Health and Medicine - Research and Centers - Health, Behavior and Society - Departments - Johns Hopkins Bloomberg School of Public Health",193,1576,,0,0,,0,0,"bloomberg school of public health, school of public health, johns hopkins, departments, academics, research, centers, admissions, preparedness, infectious diseases,Johns Hopkins University,Johns Hopkins Bloomberg School of Public Health,academic departments,Biochemistry and Molecular Biology,Health Policy and Management,Biostatistics,International Health,Environmental Health Sciences,Mental Health,Epidemiology,Molecular Microbiology and Immunology,Health, Behavior & Society,Population,Family and Reproductive Health,Population and family health sciences",558,Qualitative Course Offerings,28,,0,,0,,0,,https://www.jhsph.edu/departments/health-behavior-and-society/research-and-centers/center-for-qualitative-studies-in-health-and-medicine/qualitative-courses.html,39242,674,12.363015,12,6,1.62,156,130,1.154,,,,https://www.jhsph.edu/departments/health-behavior-and-society/research-and-centers/center-for-qualitative-studies-in-health-and-medicine/qualitative-courses.html
https://www.jhsph.edu/departments/health-behavior-and-society/research-and-centers/community-and-structural-level-interventions.html,2,text/html;charset=UTF-8,200,OK,"Community & Structural Level Interventions - Research - Health, Behavior and Society - Departments - Johns Hopkins Bloomberg School of Public Health",148,1223,,0,0,,0,0,"bloomberg school of public health, school of public health, johns hopkins, departments, academics, research, centers, admissions, preparedness, infectious diseases,Johns Hopkins University,Johns Hopkins Bloomberg School of Public Health,academic departments,Biochemistry and Molecular Biology,Health Policy and Management,Biostatistics,International Health,Environmental Health Sciences,Mental Health,Epidemiology,Molecular Microbiology and Immunology,Health, Behavior & Society,Population,Family and Reproductive Health,Population and family health sciences",558,Community & Structural-Level Interventions,42,,0,,0,,0,,https://www.jhsph.edu/departments/health-behavior-and-society/research-and-centers/community-and-structural-level-interventions.html,31607,516,11.714819,4,3,0.81,133,109,0.65,,,,https://www.jhsph.edu/departments/health-behavior-and-society/research-and-centers/community-and-structural-level-interventions.html
https://www.jhsph.edu/departments/health-behavior-and-society/research-and-centers/health-communication-and-education.html,2,text/html;charset=UTF-8,200,OK,"Health Communication & Education - Research - Health, Behavior and Society - Departments - Johns Hopkins Bloomberg School of Public Health",138,1161,,0,0,,0,0,"bloomberg school of public health, school of public health, johns hopkins, departments, academics, research, centers, admissions, preparedness, infectious diseases,Johns Hopkins University,Johns Hopkins Bloomberg School of Public Health,academic departments,Biochemistry and Molecular Biology,Health Policy and Management,Biostatistics,International Health,Environmental Health Sciences,Mental Health,Epidemiology,Molecular Microbiology and Immunology,Health, Behavior & Society,Population,Family and Reproductive Health,Population and family health sciences",558,Health Communication & Education,32,,0,,0,,0,,https://www.jhsph.edu/departments/health-behavior-and-society/research-and-centers/health-communication-and-education.html,31493,510,11.654863,4,3,0.81,133,109,0.629,,,,https://www.jhsph.edu/departments/health-behavior-and-society/research-and-centers/health-communication-and-education.html
https://www.jhsph.edu/departments/health-behavior-and-society/research-and-centers/index.html,2,text/html;charset=UTF-8,200,OK,"Research and Centers - Health, Behavior & Society - Departments - Johns Hopkins Bloomberg School of Public Health",113,946,,0,0,,0,0,"bloomberg school of public health, school of public health, johns hopkins, departments, academics, research, centers, admissions, preparedness, infectious diseases,Johns Hopkins University,Johns Hopkins Bloomberg School of Public Health,academic departments,Biochemistry and Molecular Biology,Health Policy and Management,Biostatistics,International Health,Environmental Health Sciences,Mental Health,Epidemiology,Molecular Microbiology and Immunology,Health, Behavior & Society,Population,Family and Reproductive Health,Population and family health sciences",558,Research and Centers,20,,0,,0,,0,,https://www.jhsph.edu/departments/health-behavior-and-society/research-and-centers/index.html,37541,686,13.105102,1,1,0.27,146,117,0.567,,,,https://www.jhsph.edu/departments/health-behavior-and-society/research-and-centers/index.html
https://www.jhsph.edu/departments/health-behavior-and-society/research-and-centers/lgbt-working-group.html,2,text/html;charset=UTF-8,200,OK,"LGBTQ Working Group - Research and Centers - Health, Behavior and Society - Departments - Johns Hopkins Bloomberg School of Public Health",137,1167,"The LGBTQ Public Health Working Group at the Johns Hopkins Bloomberg School seeks to advance training, science, research and community collaboration on LGBTQ health and health disparities.",188,1148,,0,0,"bloomberg school of public health, school of public health, johns hopkins, departments, academics, research, centers, admissions, preparedness, infectious diseases,Johns Hopkins University,Johns Hopkins Bloomberg School of Public Health,academic departments,Biochemistry and Molecular Biology,Health Policy and Management,Biostatistics,International Health,Environmental Health Sciences,Mental Health,Epidemiology,Molecular Microbiology and Immunology,Health, Behavior & Society,Population,Family and Reproductive Health,Population and family health sciences",558,LGBTQ Working Group,19,,0,News and Events,15,Working Group Membership Roster,31,,https://www.jhsph.edu/departments/health-behavior-and-society/research-and-centers/lgbt-working-group.html,42451,1344,21.995241,15,13,3.5,138,113,0.573,,,,https://www.jhsph.edu/departments/health-behavior-and-society/research-and-centers/lgbt-working-group.html
,,,,,,,,,,,,,,,,,,,,,,,,,,,,,,,,,,,,,,
PUBLIC HEALTH PRACTICE,,,,,,,,,,,,,,,,,,,,,,,,,,,,,,,,,,,,,,
https://www.jhsph.edu/departments/health-behavior-and-society/public-health-practice/,1,text/html;charset=UTF-8,200,OK,"Public Health Practice - Health, Behavior & Society - Departments - Johns Hopkins Bloomberg School of Public Health",115,942,,0,0,,0,0,"bloomberg school of public health, school of public health, johns hopkins, departments, academics, research, centers, admissions, preparedness, infectious diseases,Johns Hopkins University,Johns Hopkins Bloomberg School of Public Health,academic departments,Biochemistry and Molecular Biology,Health Policy and Management,Biostatistics,International Health,Environmental Health Sciences,Mental Health,Epidemiology,Molecular Microbiology and Immunology,Health, Behavior & Society,Population,Family and Reproductive Health,Population and family health sciences",558,Public Health Practice,22,,0,,0,,0,,https://www.jhsph.edu/departments/health-behavior-and-society/public-health-practice/index.html,33146,657,14.719373,82,71,19.14,136,112,0.661,,,,https://www.jhsph.edu/departments/health-behavior-and-society/public-health-practice/
https://www.jhsph.edu/departments/health-behavior-and-society/public-health-practice/hbs-practice-related-courses.html,2,text/html;charset=UTF-8,200,OK,"Practice-Related Courses - Public Health Practice - Health, Behavior and Society - Departments - Johns Hopkins Bloomberg School of Public Health",144,1181,,0,0,,0,0,"bloomberg school of public health, school of public health, johns hopkins, departments, academics, research, centers, admissions, preparedness, infectious diseases,Johns Hopkins University,Johns Hopkins Bloomberg School of Public Health,academic departments,Biochemistry and Molecular Biology,Health Policy and Management,Biostatistics,International Health,Environmental Health Sciences,Mental Health,Epidemiology,Molecular Microbiology and Immunology,Health, Behavior & Society,Population,Family and Reproductive Health,Population and family health sciences",558,Practice-Related Courses,24,,0,,0,,0,,https://www.jhsph.edu/departments/health-behavior-and-society/public-health-practice/hbs-practice-related-courses.html,35068,744,15.389003,12,10,2.7,143,117,0.807,,,,https://www.jhsph.edu/departments/health-behavior-and-society/public-health-practice/hbs-practice-related-courses.html
https://www.jhsph.edu/departments/health-behavior-and-society/public-health-practice/index.html,2,text/html;charset=UTF-8,200,OK,"Public Health Practice - Health, Behavior & Society - Departments - Johns Hopkins Bloomberg School of Public Health",115,942,,0,0,,0,0,"bloomberg school of public health, school of public health, johns hopkins, departments, academics, research, centers, admissions, preparedness, infectious diseases,Johns Hopkins University,Johns Hopkins Bloomberg School of Public Health,academic departments,Biochemistry and Molecular Biology,Health Policy and Management,Biostatistics,International Health,Environmental Health Sciences,Mental Health,Epidemiology,Molecular Microbiology and Immunology,Health, Behavior & Society,Population,Family and Reproductive Health,Population and family health sciences",558,Public Health Practice,22,,0,,0,,0,,https://www.jhsph.edu/departments/health-behavior-and-society/public-health-practice/index.html,33166,657,14.710495,1,1,0.27,136,113,0.579,,,,https://www.jhsph.edu/departments/health-behavior-and-society/public-health-practice/index.html
https://www.jhsph.edu/departments/health-behavior-and-society/public-health-practice/non-course-practice-opportunities.html,2,text/html;charset=UTF-8,200,OK,"Non-Course Practice Opportunities - Public Health Practice - Health, Behavior and Society - Departments - Johns Hopkins Bloomberg School of Public Health",153,1255,,0,0,,0,0,"bloomberg school of public health, school of public health, johns hopkins, departments, academics, research, centers, admissions, preparedness, infectious diseases,Johns Hopkins University,Johns Hopkins Bloomberg School of Public Health,academic departments,Biochemistry and Molecular Biology,Health Policy and Management,Biostatistics,International Health,Environmental Health Sciences,Mental Health,Epidemiology,Molecular Microbiology and Immunology,Health, Behavior & Society,Population,Family and Reproductive Health,Population and family health sciences",558,Non-Course Practice Opportunities,33,,0,,0,,0,,https://www.jhsph.edu/departments/health-behavior-and-society/public-health-practice/non-course-practice-opportunities.html,36144,897,17.617756,12,10,2.7,143,118,0.751,,,,https://www.jhsph.edu/departments/health-behavior-and-society/public-health-practice/non-course-practice-opportunities.html
https://www.jhsph.edu/departments/health-behavior-and-society/public-health-practice/other-practice-related-resources.html,2,text/html;charset=UTF-8,200,OK,"Other Practice-Related Resources - Public Health Practice - Health, Behavior and Society - Departments - Johns Hopkins Bloomberg School of Public Health",152,1250,,0,0,,0,0,"bloomberg school of public health, school of public health, johns hopkins, departments, academics, research, centers, admissions, preparedness, infectious diseases,Johns Hopkins University,Johns Hopkins Bloomberg School of Public Health,academic departments,Biochemistry and Molecular Biology,Health Policy and Management,Biostatistics,International Health,Environmental Health Sciences,Mental Health,Epidemiology,Molecular Microbiology and Immunology,Health, Behavior & Society,Population,Family and Reproductive Health,Population and family health sciences",558,Other Practice-Related Resources,32,,0,,0,,0,,https://www.jhsph.edu/departments/health-behavior-and-society/public-health-practice/other-practice-related-resources.html,34033,609,12.98892,12,10,2.7,144,114,0.723,,,,https://www.jhsph.edu/departments/health-behavior-and-society/public-health-practice/other-practice-related-resources.html
https://www.jhsph.edu/departments/health-behavior-and-society/public-health-practice/practice-highlights/,2,text/html;charset=UTF-8,200,OK,"HBS Practice Highlights - Public Health Practice - Health, Behavior and Society - Departments - Johns Hopkins Bloomberg School of Public Health",143,1167,practice highlights,19,105,,0,0,"bloomberg school of public health, school of public health, johns hopkins, departments, academics, research, centers, admissions, preparedness, infectious diseases,Johns Hopkins University,Johns Hopkins Bloomberg School of Public Health,academic departments,Biochemistry and Molecular Biology,Health Policy and Management,Biostatistics,International Health,Environmental Health Sciences,Mental Health,Epidemiology,Molecular Microbiology and Immunology,Health, Behavior & Society,Population,Family and Reproductive Health,Population and family health sciences",558,HBS Practice Highlights,23,,0,Reducing injury in Baltimore: The CARES Mobile Safety Center,60,Governor Signs Bill Banning Grain Alcohol in Maryland,53,,https://www.jhsph.edu/departments/health-behavior-and-society/public-health-practice/practice-highlights/index.html,37687,1010,18.96419,14,10,2.7,142,117,0.873,,,,https://www.jhsph.edu/departments/health-behavior-and-society/public-health-practice/practice-highlights/
https://www.jhsph.edu/departments/health-behavior-and-society/public-health-practice/practice-highlights/advocating-for-sugar-sweetened-beverage-tax.html,3,text/html;charset=UTF-8,200,OK,"Advocating for Sugar Sweetened Beverage Tax - Public Health Practice - Health, Behavior and Society - Departments - Johns Hopkins Bloomberg School of Public Health",163,1356,,0,0,,0,0,"bloomberg school of public health, school of public health, johns hopkins, departments, academics, research, centers, admissions, preparedness, infectious diseases,Johns Hopkins University,Johns Hopkins Bloomberg School of Public Health,academic departments,Biochemistry and Molecular Biology,Health Policy and Management,Biostatistics,International Health,Environmental Health Sciences,Mental Health,Epidemiology,Molecular Microbiology and Immunology,Health, Behavior & Society,Population,Family and Reproductive Health,Population and family health sciences",558,Advocating for a Sugar-Sweetened Beverage Tax¬†,46,,0,A Case Study of Mexico,22,,0,,https://www.jhsph.edu/departments/health-behavior-and-society/public-health-practice/practice-highlights/advocating-for-sugar-sweetened-beverage-tax.html,34928,683,13.838927,5,3,0.81,142,115,0.834,,,,https://www.jhsph.edu/departments/health-behavior-and-society/public-health-practice/practice-highlights/advocating-for-sugar-sweetened-beverage-tax.html
https://www.jhsph.edu/departments/health-behavior-and-society/public-health-practice/practice-highlights/index.html,3,text/html;charset=UTF-8,200,OK,"HBS Practice Highlights - Public Health Practice - Health, Behavior and Society - Departments - Johns Hopkins Bloomberg School of Public Health",143,1167,practice highlights,19,105,,0,0,"bloomberg school of public health, school of public health, johns hopkins, departments, academics, research, centers, admissions, preparedness, infectious diseases,Johns Hopkins University,Johns Hopkins Bloomberg School of Public Health,academic departments,Biochemistry and Molecular Biology,Health Policy and Management,Biostatistics,International Health,Environmental Health Sciences,Mental Health,Epidemiology,Molecular Microbiology and Immunology,Health, Behavior & Society,Population,Family and Reproductive Health,Population and family health sciences",558,HBS Practice Highlights,23,,0,Reducing injury in Baltimore: The CARES Mobile Safety Center,60,Governor Signs Bill Banning Grain Alcohol in Maryland,53,,https://www.jhsph.edu/departments/health-behavior-and-society/public-health-practice/practice-highlights/index.html,37707,1010,18.954126,1,1,0.27,142,118,0.697,,,,https://www.jhsph.edu/departments/health-behavior-and-society/public-health-practice/practice-highlights/index.html
https://www.jhsph.edu/departments/health-behavior-and-society/public-health-practice/practice-interests-of-faculty.html,2,text/html;charset=UTF-8,200,OK,"Practice Interests of Faculty - Public Health Practice - Health, Behavior and Society - Departments - Johns Hopkins Bloomberg School of Public Health",149,1198,This page provides a summary of practice interests of HBS faculty.,66,391,,0,0,"bloomberg school of public health, school of public health, johns hopkins, departments, academics, research, centers, admissions, preparedness, infectious diseases,Johns Hopkins University,Johns Hopkins Bloomberg School of Public Health,academic departments,Biochemistry and Molecular Biology,Health Policy and Management,Biostatistics,International Health,Environmental Health Sciences,Mental Health,Epidemiology,Molecular Microbiology and Immunology,Health, Behavior & Society,Population,Family and Reproductive Health,Population and family health sciences",558,Practice Interests of Faculty,29,,0,,0,,0,,https://www.jhsph.edu/departments/health-behavior-and-society/public-health-practice/practice-interests-of-faculty.html,37430,855,16.559761,12,10,2.7,152,124,0.984,,,,https://www.jhsph.edu/departments/health-behavior-and-society/public-health-practice/practice-interests-of-faculty.html
https://www.jhsph.edu/departments/health-behavior-and-society/public-health-practice/practice-related-student-groups.html,2,text/html;charset=UTF-8,200,OK,"Practice-Related Student Groups - Public Health Practice - Health, Behavior and Society - Departments - Johns Hopkins Bloomberg School of Public Health",151,1240,Links to practice-related student groups.,41,233,,0,0,"bloomberg school of public health, school of public health, johns hopkins, departments, academics, research, centers, admissions, preparedness, infectious diseases,Johns Hopkins University,Johns Hopkins Bloomberg School of Public Health,academic departments,Biochemistry and Molecular Biology,Health Policy and Management,Biostatistics,International Health,Environmental Health Sciences,Mental Health,Epidemiology,Molecular Microbiology and Immunology,Health, Behavior & Society,Population,Family and Reproductive Health,Population and family health sciences",558,Practice-Related Student Groups,31,,0,,0,,0,,https://www.jhsph.edu/departments/health-behavior-and-society/public-health-practice/practice-related-student-groups.html,35879,868,17.049034,12,10,2.7,138,113,0.793,,,,https://www.jhsph.edu/departments/health-behavior-and-society/public-health-practice/practice-related-student-groups.html
,,,,,,,,,,,,,,,,,,,,,,,,,,,,,,,,,,,,,,
FACULTY,,,,,,,,,,,,,,,,,,,,,,,,,,,,,,,,,,,,,,
https://www.jhsph.edu/departments/health-behavior-and-society/faculty/,1,text/html;charset=UTF-8,200,OK,"Faculty - Health, Behavior and Society - Departments - Johns Hopkins Bloomberg School of Public Health",102,842,,0,0,,0,0,"bloomberg school of public health, school of public health, johns hopkins, departments, academics, research, centers, admissions, preparedness, infectious diseases,Johns Hopkins University,Johns Hopkins Bloomberg School of Public Health,academic departments,Biochemistry and Molecular Biology,Health Policy and Management,Biostatistics,International Health,Environmental Health Sciences,Mental Health,Epidemiology,Molecular Microbiology and Immunology,Health, Behavior & Society,Population,Family and Reproductive Health,Population and family health sciences",558,Our Faculty,11,,0,,0,,0,,https://www.jhsph.edu/departments/health-behavior-and-society/faculty/index.html,110820,1832,12.234235,77,71,19.14,300,271,1.038,,,,https://www.jhsph.edu/departments/health-behavior-and-society/faculty/
https://www.jhsph.edu/departments/health-behavior-and-society/faculty/hbs-chair-job-posting.html,2,text/html;charset=UTF-8,200,OK,"Health, Behavior and Society Chair Job Posting - Faculty - Health, Behavior and Society - Departments - Johns Hopkins Bloomberg School of Public Health",151,1237,,0,0,,0,0,"bloomberg school of public health, school of public health, johns hopkins, departments, academics, research, centers, admissions, preparedness, infectious diseases,Johns Hopkins University,Johns Hopkins Bloomberg School of Public Health,academic departments,Biochemistry and Molecular Biology,Health Policy and Management,Biostatistics,International Health,Environmental Health Sciences,Mental Health,Epidemiology,Molecular Microbiology and Immunology,Health, Behavior & Society,Population,Family and Reproductive Health,Population and family health sciences",558,Job Posting,11,,0,"Health, Behavior and Society Professor and Chair",48,,0,,https://www.jhsph.edu/departments/health-behavior-and-society/faculty/hbs-chair-job-posting.html,34701,887,18.429474,4,3,0.81,133,109,0.907,,,,https://www.jhsph.edu/departments/health-behavior-and-society/faculty/hbs-chair-job-posting.html
https://www.jhsph.edu/departments/health-behavior-and-society/faculty/index.html,2,text/html;charset=UTF-8,200,OK,"Faculty - Health, Behavior and Society - Departments - Johns Hopkins Bloomberg School of Public Health",102,842,,0,0,,0,0,"bloomberg school of public health, school of public health, johns hopkins, departments, academics, research, centers, admissions, preparedness, infectious diseases,Johns Hopkins University,Johns Hopkins Bloomberg School of Public Health,academic departments,Biochemistry and Molecular Biology,Health Policy and Management,Biostatistics,International Health,Environmental Health Sciences,Mental Health,Epidemiology,Molecular Microbiology and Immunology,Health, Behavior & Society,Population,Family and Reproductive Health,Population and family health sciences",558,Our Faculty,11,,0,,0,,0,,https://www.jhsph.edu/departments/health-behavior-and-society/faculty/index.html,110850,1832,12.230923,1,1,0.27,300,272,0.705,,,,https://www.jhsph.edu/departments/health-behavior-and-society/faculty/index.html
,,,,,,,,,,,,,,,,,,,,,,,,,,,,,,,,,,,,,,
STUDENTS,,,,,,,,,,,,,,,,,,,,,,,,,,,,,,,,,,,,,,
https://www.jhsph.edu/departments/health-behavior-and-society/students/,1,text/html;charset=UTF-8,200,OK,"Students - Health, Behavior and Society - Departments - Johns Hopkins Bloomberg School of Public Health",103,855,,0,0,,0,0,"bloomberg school of public health, school of public health, johns hopkins, departments, academics, research, centers, admissions, preparedness, infectious diseases,Johns Hopkins University,Johns Hopkins Bloomberg School of Public Health,academic departments,Biochemistry and Molecular Biology,Health Policy and Management,Biostatistics,International Health,Environmental Health Sciences,Mental Health,Epidemiology,Molecular Microbiology and Immunology,Health, Behavior & Society,Population,Family and Reproductive Health,Population and family health sciences",558,Students,8,,0,,0,,0,,https://www.jhsph.edu/departments/health-behavior-and-society/students/index.html,32493,619,13.254532,75,71,19.14,138,112,0.98,,,,https://www.jhsph.edu/departments/health-behavior-and-society/students/
https://www.jhsph.edu/departments/health-behavior-and-society/students/index.html,2,text/html;charset=UTF-8,200,OK,"Students - Health, Behavior and Society - Departments - Johns Hopkins Bloomberg School of Public Health",103,855,,0,0,,0,0,"bloomberg school of public health, school of public health, johns hopkins, departments, academics, research, centers, admissions, preparedness, infectious diseases,Johns Hopkins University,Johns Hopkins Bloomberg School of Public Health,academic departments,Biochemistry and Molecular Biology,Health Policy and Management,Biostatistics,International Health,Environmental Health Sciences,Mental Health,Epidemiology,Molecular Microbiology and Immunology,Health, Behavior & Society,Population,Family and Reproductive Health,Population and family health sciences",558,Students,8,,0,,0,,0,,https://www.jhsph.edu/departments/health-behavior-and-society/students/index.html,32513,619,13.246378,1,1,0.27,138,113,0.575,,,,https://www.jhsph.edu/departments/health-behavior-and-society/students/index.html
https://www.jhsph.edu/departments/health-behavior-and-society/students/tuggle-award.html,2,text/html;charset=UTF-8,200,OK,"Tuggle Community Excellence Award - Students - Health, Behavior and Society - Departments - Johns Hopkins Bloomberg School of Public Health",139,1170,,0,0,,0,0,"bloomberg school of public health, school of public health, johns hopkins, departments, academics, research, centers, admissions, preparedness, infectious diseases,Johns Hopkins University,Johns Hopkins Bloomberg School of Public Health,academic departments,Biochemistry and Molecular Biology,Health Policy and Management,Biostatistics,International Health,Environmental Health Sciences,Mental Health,Epidemiology,Molecular Microbiology and Immunology,Health, Behavior & Society,Population,Family and Reproductive Health,Population and family health sciences",558,The Reverend Melvin B. Tuggle Community Excellence Award,56,,0,Honoring outstanding students and fellows who contribute to the health of East Baltimore,88,,0,,https://www.jhsph.edu/departments/health-behavior-and-society/students/tuggle-award.html,36982,1217,22.563284,6,3,0.81,136,109,0.79,,,,https://www.jhsph.edu/departments/health-behavior-and-society/students/tuggle-award.html
,,,,,,,,,,,,,,,,,,,,,,,,,,,,,,,,,,,,,,
ALUMNI,,,,,,,,,,,,,,,,,,,,,,,,,,,,,,,,,,,,,,
https://www.jhsph.edu/departments/health-behavior-and-society/alumni/,1,text/html;charset=UTF-8,200,OK,"Alumni - Health, Behavior and Society - Departments - Johns Hopkins Bloomberg School of Public Health",101,839,,0,0,,0,0,"bloomberg school of public health, school of public health, johns hopkins, departments, academics, research, centers, admissions, preparedness, infectious diseases,Johns Hopkins University,Johns Hopkins Bloomberg School of Public Health,academic departments,Biochemistry and Molecular Biology,Health Policy and Management,Biostatistics,International Health,Environmental Health Sciences,Mental Health,Epidemiology,Molecular Microbiology and Immunology,Health, Behavior & Society,Population,Family and Reproductive Health,Population and family health sciences",558,Alumni,6,,0,,0,,0,,https://www.jhsph.edu/departments/health-behavior-and-society/alumni/index.html,41228,758,13.014263,74,71,19.14,136,106,1.241,,,,https://www.jhsph.edu/departments/health-behavior-and-society/alumni/
https://www.jhsph.edu/departments/health-behavior-and-society/alumni/index.html,2,text/html;charset=UTF-8,200,OK,"Alumni - Health, Behavior and Society - Departments - Johns Hopkins Bloomberg School of Public Health",101,839,,0,0,,0,0,"bloomberg school of public health, school of public health, johns hopkins, departments, academics, research, centers, admissions, preparedness, infectious diseases,Johns Hopkins University,Johns Hopkins Bloomberg School of Public Health,academic departments,Biochemistry and Molecular Biology,Health Policy and Management,Biostatistics,International Health,Environmental Health Sciences,Mental Health,Epidemiology,Molecular Microbiology and Immunology,Health, Behavior & Society,Population,Family and Reproductive Health,Population and family health sciences",558,Alumni,6,,0,,0,,0,,https://www.jhsph.edu/departments/health-behavior-and-society/alumni/index.html,41248,758,13.007953,1,1,0.27,136,107,0.911,,,,https://www.jhsph.edu/departments/health-behavior-and-society/alumni/index.html
,,,,,,,,,,,,,,,,,,,,,,,,,,,,,,,,,,,,,,
NEWS & EVENTS,,,,,,,,,,,,,,,,,,,,,,,,,,,,,,,,,,,,,,
https://www.jhsph.edu/departments/health-behavior-and-society/news-and-events/,1,text/html;charset=UTF-8,200,OK,"News and Events - Health, Behavior and Society - Departments - Johns Hopkins Bloomberg School of Public Health",110,924,News and upcoming events from HBS.,34,225,,0,0,"bloomberg school of public health, school of public health, johns hopkins, departments, academics, research, centers, admissions, preparedness, infectious diseases,Johns Hopkins University,Johns Hopkins Bloomberg School of Public Health,academic departments,Biochemistry and Molecular Biology,Health Policy and Management,Biostatistics,International Health,Environmental Health Sciences,Mental Health,Epidemiology,Molecular Microbiology and Immunology,Health, Behavior & Society,Population,Family and Reproductive Health,Population and family health sciences",558,News & Events,13,,0,Recent Headlines,16,,0,,https://www.jhsph.edu/departments/health-behavior-and-society/news-and-events/index.html,44954,1253,19.72179,75,71,19.14,131,107,0.988,,,,https://www.jhsph.edu/departments/health-behavior-and-society/news-and-events/
https://www.jhsph.edu/departments/health-behavior-and-society/news-and-events/hbs-anniversary-centennial-celebration.html,2,text/html;charset=UTF-8,200,OK,"HBS Tenth Anniversary & Centennial Celebration - News & Events - Health, Behavior and Society - Departments - Johns Hopkins Bloomberg School of Public Health",157,1315,,0,0,,0,0,"bloomberg school of public health, school of public health, johns hopkins, departments, academics, research, centers, admissions, preparedness, infectious diseases,Johns Hopkins University,Johns Hopkins Bloomberg School of Public Health,academic departments,Biochemistry and Molecular Biology,Health Policy and Management,Biostatistics,International Health,Environmental Health Sciences,Mental Health,Epidemiology,Molecular Microbiology and Immunology,Health, Behavior & Society,Population,Family and Reproductive Health,Population and family health sciences",558,"Health, Behavior and Society 10th¬†Anniversary and Centennial Month Events",73,,0,,0,,0,,https://www.jhsph.edu/departments/health-behavior-and-society/news-and-events/hbs-anniversary-centennial-celebration.html,35990,1009,19.657644,5,3,0.81,132,107,0.699,,,,https://www.jhsph.edu/departments/health-behavior-and-society/news-and-events/hbs-anniversary-centennial-celebration.html
https://www.jhsph.edu/departments/health-behavior-and-society/news-and-events/index.html,2,text/html;charset=UTF-8,200,OK,"News and Events - Health, Behavior and Society - Departments - Johns Hopkins Bloomberg School of Public Health",110,924,News and upcoming events from HBS.,34,225,,0,0,"bloomberg school of public health, school of public health, johns hopkins, departments, academics, research, centers, admissions, preparedness, infectious diseases,Johns Hopkins University,Johns Hopkins Bloomberg School of Public Health,academic departments,Biochemistry and Molecular Biology,Health Policy and Management,Biostatistics,International Health,Environmental Health Sciences,Mental Health,Epidemiology,Molecular Microbiology and Immunology,Health, Behavior & Society,Population,Family and Reproductive Health,Population and family health sciences",558,News & Events,13,,0,Recent Headlines,16,,0,,https://www.jhsph.edu/departments/health-behavior-and-society/news-and-events/index.html,44974,1253,19.713015,1,1,0.27,131,108,0.681,,,,https://www.jhsph.edu/departments/health-behavior-and-society/news-and-events/index.html
,,,,,,,,,,,,,,,,,,,,,,,,,,,,,,,,,,,,,,
CONTACT,,,,,,,,,,,,,,,,,,,,,,,,,,,,,,,,,,,,,,
https://www.jhsph.edu/departments/health-behavior-and-society/contact/,1,text/html;charset=UTF-8,200,OK,"Contact - Health, Behavior and Society - Departments - Johns Hopkins Bloomberg School of Public Health",102,846,,0,0,,0,0,"bloomberg school of public health, school of public health, johns hopkins, departments, academics, research, centers, admissions, preparedness, infectious diseases,Johns Hopkins University,Johns Hopkins Bloomberg School of Public Health,academic departments,Biochemistry and Molecular Biology,Health Policy and Management,Biostatistics,International Health,Environmental Health Sciences,Mental Health,Epidemiology,Molecular Microbiology and Immunology,Health, Behavior & Society,Population,Family and Reproductive Health,Population and family health sciences",558,Contact,7,,0,,0,,0,,https://www.jhsph.edu/departments/health-behavior-and-society/contact/index.html,31693,528,12.130392,74,71,19.14,132,107,0.961,,,,https://www.jhsph.edu/departments/health-behavior-and-society/contact/
https://www.jhsph.edu/departments/health-behavior-and-society/contact/index.html,2,text/html;charset=UTF-8,200,OK,"Contact - Health, Behavior and Society - Departments - Johns Hopkins Bloomberg School of Public Health",102,846,,0,0,,0,0,"bloomberg school of public health, school of public health, johns hopkins, departments, academics, research, centers, admissions, preparedness, infectious diseases,Johns Hopkins University,Johns Hopkins Bloomberg School of Public Health,academic departments,Biochemistry and Molecular Biology,Health Policy and Management,Biostatistics,International Health,Environmental Health Sciences,Mental Health,Epidemiology,Molecular Microbiology and Immunology,Health, Behavior & Society,Population,Family and Reproductive Health,Population and family health sciences",558,Contact,7,,0,,0,,0,,https://www.jhsph.edu/departments/health-behavior-and-society/contact/index.html,31713,528,12.122742,1,1,0.27,132,108,0.603,,,,https://www.jhsph.edu/departments/health-behavior-and-society/contact/index.html